Resin,Tamerind seed powder,Ridge gourd powder,Graphene powder,Tensile strength,Compression strength
60,26.8984173,11.45973265,1.641850054,63.42202211,24
59,30.45582534,10.44976568,0.094408981,68.92293508,34
60,27.07693154,11.55954717,1.363521288,53.64338245,24
60,28.92505918,9.924423102,1.150517714,64.70933796,29
60,27.91832936,10.78871053,1.292960114,61.96751237,19
59,31.07099236,9.350819406,0.578188233,72.45527428,29
60,28.07064396,10.40614792,1.523208126,53.82286536,21
60,28.21937301,10.09378183,1.68684516,66.42879178,24
60,28.63703428,10.92616784,0.436797874,63.33239824,25
60,28.754598,9.764559762,1.480842236,69.3653113,17
59,30.35541173,8.939326525,1.70526174,63.25336079,35
60,27.946126,10.87758336,1.176290646,56.18871256,28
60,29.07762073,10.48820605,0.434173216,76.70395145,23
58,29.98992737,10.72960306,1.280469566,58.34959923,20
60,29.92784184,8.765099179,1.30705898,64.93796293,22
60,29.15330816,9.61415035,1.232541491,64.10426181,28
60,29.09740593,10.26539837,0.637195695,69.51622997,36
60,28.32892996,10.26714046,1.403929571,70.00069372,32
60,29.12141797,10.15615475,0.722427273,81.32655581,22
60,28.28220642,9.811227947,1.906565632,68.99942966,35
60,27.49834274,11.66446439,0.837192861,68.73470668,36
60,27.66662997,11.2495528,1.08381723,42.78022994,27
60,28.96031084,9.501123268,1.538565896,75.71035984,32
59,28.92934386,10.15816717,1.912488964,66.48555121,21
60,27.81848487,10.36823839,1.813276748,65.82315841,25
60,27.47771538,11.03420908,1.488075533,76.44820192,31
60,28.09917812,11.14145486,0.759367015,69.92370384,29
60,28.87822548,10.44161019,0.680164335,69.40867972,31
59,30.13092172,9.458932423,1.410145854,68.36291671,29
60,27.49424545,11.4706467,1.035107846,73.78169375,34
60,27.72716817,10.99000136,1.282830476,72.45037265,32
60,31.60162231,8.065159672,0.333218022,67.38892435,15
60,28.47892159,10.28893491,1.232143504,62.01161692,35
60,27.62124254,10.44183912,1.936918339,68.68092553,28
59,30.87023424,9.21919893,0.91056683,74.93077678,19
60,28.74079621,10.98471408,0.274489712,76.23817834,23
60,28.12179136,10.53936706,1.338841584,58.90581484,27
60,27.85904526,10.69706884,1.443885895,67.84013491,25
60,27.85081448,10.8018814,1.347304119,67.86701906,30
60,28.09355172,11.08970587,0.816742415,45.43464005,34
60,30.3707169,9.154880867,0.474402235,74.08737132,27
60,27.11862411,12.35645055,0.524925345,49.73895819,20
60,29.97038073,9.975865776,0.053753491,59.39934581,18
59,28.51812006,10.83094393,1.650936007,69.7981834,30
60,30.256535,9.373916923,0.369548076,64.59261245,19
60,27.95781269,10.60307282,1.439114491,67.90672091,28
60,27.28564258,10.8552306,1.859126821,76.09451643,30
59,29.35218,10.43724608,1.210573925,58.46498214,25
59,28.25291404,11.16070247,1.586383492,49.95523825,21
60,30.64753082,8.933500186,0.41896899,60.69104526,33
60,30.45552389,8.925911777,0.618564329,76.89640123,29
60,26.60299395,11.7687407,1.628265351,70.30613409,33
60,27.1625372,12.1203425,0.717120299,67.87587108,30
60,29.77656421,10.02291986,0.200515925,66.23924309,30
59,27.94793053,12.14290683,0.909162643,65.96801759,23
60,28.79907867,10.43086203,0.770059299,63.58193029,29
60,29.26322167,9.187571588,1.549206742,55.00703467,26
60,27.71672924,10.49351466,1.789756103,71.81506903,31
60,27.15640515,12.45924984,0.384345011,57.80787754,37
60,27.82077438,10.91659513,1.262630491,73.76550778,20
60,28.86728442,10.66016298,0.472552597,57.67671945,22
60,27.5595587,10.70601326,1.734428041,66.2712749,33
60,26.64847524,11.77178976,1.579735,51.73162197,25
60,30.81225519,8.737244785,0.45050002,73.9706233,17
60,27.37338906,11.6239242,1.002686738,63.32986703,36
60,26.19913541,12.15721868,1.643645909,48.14715882,28
60,29.65541608,8.910422296,1.434161629,54.21079003,25
60,27.88049676,11.65072164,0.468781603,59.20353924,17
60,28.69827271,10.20915306,1.092574235,76.59717231,36
60,29.21567289,10.45568641,0.328640695,66.15802862,25
60,28.85676309,10.0059322,1.137304706,63.37315142,32
59,29.24637042,11.11313302,0.640496563,58.08324339,26
60,27.46397617,10.53588616,2.000137677,67.79388068,27
60,28.85533151,9.772289546,1.37237894,63.89317606,18
60,28.13335,11.41883591,0.447814088,77.49256745,23
59,31.31803426,8.94919708,0.732768657,57.22362595,20
60,27.31316331,11.03575315,1.651083537,46.1238406,28
60,30.17198161,8.307048206,1.520970187,71.8552276,37
60,27.9763616,10.9532456,1.070392801,77.03204333,19
59,28.27449976,11.21385613,1.511644117,66.08988514,24
60,28.66211755,10.06218395,1.2756985,64.62698491,22
60,26.61882881,12.57857912,0.80259207,63.62797064,16
60,26.29134135,11.85895867,1.849699978,65.27237642,23
60,26.74118862,12.15012961,1.108681769,53.39911586,23
60,27.17402285,11.0337229,1.792254246,55.72841137,34
60,30.03526717,9.348208999,0.616523832,63.84914227,15
60,28.78777945,9.891535424,1.320685123,60.56010316,20
60,28.29602417,11.18191921,0.522056624,60.75958817,27
60,29.35272197,9.578166645,1.069111383,67.80392514,20
60,28.32127026,9.913478798,1.765250937,72.57341816,26
60,30.02148645,9.481399301,0.497114247,71.68912887,27
60,27.21634948,10.95858923,1.825061293,69.24638988,29
60,29.87017136,9.474640202,0.655188442,60.24525254,21
60,29.29573388,9.965056677,0.739209442,76.61140117,26
60,30.5970951,8.800985091,0.601919814,75.81372006,31
59,29.30066512,10.71848576,0.980849127,61.18979557,27
60,28.7998464,10.03664781,1.163505797,68.43214891,22
60,27.41792014,11.97589943,0.606180431,60.49863529,28
60,30.69269466,8.956083541,0.351221804,59.9014101,27
59,30.26692626,9.398313172,1.334760568,72.44095054,27
60,29.6515565,9.781178916,0.567264585,59.44758591,17
60,30.03341997,9.156956199,0.809623832,59.18397376,20
60,26.91006042,12.03803288,1.051906697,53.4212009,24
60,28.00121797,10.28432867,1.714453361,77.93338217,35
60,28.52433661,11.01317884,0.46248455,66.2040746,30
60,29.82626933,9.257449267,0.9162814,77.82897022,20
60,27.41673696,11.26336557,1.319897464,72.34938927,28
60,29.15093439,9.291086117,1.557979488,57.24083362,32
60,29.14225308,10.06403698,0.793709945,65.1867886,17
60,29.25077039,9.327824052,1.42140556,76.18248511,34
58,31.66767663,9.609382503,0.722940863,76.35693011,26
60,28.93143487,9.969919188,1.098645941,69.68684678,20
60,28.40519409,9.702400168,1.892405745,54.33605358,16
60,28.26384755,11.17502846,0.561123988,73.70640207,24
60,28.05926661,11.1004767,0.840256692,66.66975926,19
60,26.88528065,11.64421607,1.470503287,53.88647428,22
60,28.55963519,10.41099512,1.029369688,69.45116045,26
60,26.82228419,12.29365766,0.884058156,79.15302089,31
60,26.84691076,11.42850548,1.724583758,68.76877762,33
60,29.6709118,9.76483917,0.56424903,68.24979827,36
60,28.50320414,10.1491411,1.347654757,71.05604931,23
59,29.86075164,10.34630671,0.792941658,77.84220202,19
60,27.24161821,11.46320142,1.295180371,59.48220964,24
60,26.92639587,11.68727453,1.3863296,62.67995222,34
60,29.38972345,9.167877019,1.442399534,59.9490602,20
60,29.20988404,8.974242824,1.815873132,61.965938,29
58,31.28710519,10.15175785,0.561136965,76.93770962,30
60,28.23946148,10.49203593,1.268502592,56.56931797,25
60,26.85612646,11.41740733,1.726466206,64.6006403,27
60,28.64732139,10.2896955,1.062983109,51.98603996,30
59,28.5079316,10.80737433,1.684694068,55.07778535,30
60,28.47545234,9.700139792,1.824407871,51.44937023,18
60,27.12516029,11.42559647,1.449243243,63.87603968,26
58,32.18367328,8.868236508,0.94809021,69.18619384,16
60,27.15186929,11.31293776,1.535192951,63.42606417,29
60,27.45103706,11.14085268,1.408110263,55.16685199,23
60,28.19280754,11.24050812,0.566684338,78.14187479,20
60,26.84056305,11.68730779,1.472129161,69.55742659,23
60,28.04398593,10.22379072,1.732223355,62.79186334,23
60,29.05699537,10.58400426,0.359000365,69.49894483,16
60,28.71664442,9.833489426,1.449866154,71.57186463,19
60,28.53000342,9.608622702,1.861373876,56.3916215,25
60,29.58102475,10.18720477,0.231770483,69.3775927,22
60,30.08545208,9.89722146,0.017326462,61.65025094,29
60,28.47051091,10.33706787,1.192421221,58.3282473,22
60,29.46916334,10.36440183,0.166434825,71.39777021,25
60,28.20130463,10.5779418,1.22075357,50.00047774,25
60,28.37961302,10.431234,1.189152973,66.92747072,24
58,30.10679728,10.91198584,0.981216877,57.47432935,27
60,26.17366001,11.88287444,1.943465552,65.50698449,22
60,29.05928004,10.50769704,0.433022913,74.14400532,32
60,27.53529141,11.11985535,1.344853239,69.77354503,27
60,27.00500814,11.76950478,1.225487078,49.59720032,32
60,30.1830265,8.820012595,0.996960902,62.15753546,32
59,29.38908005,11.14200082,0.468919132,61.42132284,21
60,30.04215239,9.005557932,0.95228968,59.01984238,26
60,28.14005151,10.27874434,1.581204143,68.50681181,33
60,29.07832128,9.519634211,1.402044507,58.2711592,33
60,29.62260807,8.942066265,1.435325668,64.57716301,25
60,29.75342749,8.819879405,1.426693109,67.68781395,18
60,28.87973124,9.758902824,1.361365933,63.39029383,29
60,29.20627622,9.828391432,0.965332348,51.31588304,34
60,28.05213037,10.57254173,1.375327903,59.28257608,16
60,27.46383805,10.84998785,1.686174099,67.94236943,30
60,29.01647152,9.429849321,1.55367916,69.37273691,31
60,29.09858939,10.67588692,0.22552369,73.03162656,25
60,28.4443417,10.77882776,0.776830538,78.81641389,14
60,26.57216736,11.49728275,1.930549884,63.94538887,26
60,30.91411704,8.036523108,1.049359855,70.93812574,15
60,27.17137349,11.64679296,1.181833546,65.40549454,25
60,28.33075944,10.4548124,1.214428159,53.83662142,19
60,28.77353505,9.473363839,1.753101111,54.41367646,32
60,28.75097179,9.657489253,1.591538956,60.1787168,32
60,26.7717792,12.50755021,0.720670594,75.49416903,33
59,28.8673183,10.09978719,2.032894506,65.95988199,29
59,29.54584772,9.697197568,1.756954712,79.48683294,34
60,27.34692316,11.0332555,1.619821341,60.41381917,23
60,30.03064808,8.935523236,1.033828686,61.88739063,24
60,28.25574111,10.78719076,0.957068131,71.43876661,16
60,28.41423792,10.55524014,1.030521932,81.46780712,26
60,29.9639734,9.569302216,0.466724384,69.36210949,27
60,27.20620652,11.3967488,1.397044675,65.38792155,39
60,29.18670279,9.227751468,1.585545742,54.44163927,31
60,27.57597881,11.05840139,1.365619799,59.76757897,23
60,26.89386704,11.31002283,1.796110126,57.85228545,19
60,29.53858186,9.179963466,1.281454678,58.23010319,22
60,29.61899912,9.714736497,0.666264383,67.52499985,28
59,28.48758413,11.69118847,0.821227398,60.5573852,28
59,27.70303059,11.3167881,1.980181312,67.32193793,13
60,27.71869434,10.78396137,1.497344296,61.76404802,24
60,27.15644581,11.44765177,1.395902411,61.76657723,20
60,29.69707777,9.564659246,0.738262988,64.56644313,24
60,28.87516627,9.742328195,1.382505539,56.83319752,30
60,27.86880099,10.53830114,1.592897874,52.25543017,28
60,28.45290176,9.54448934,2.002608897,54.87982306,18
60,26.58414441,11.91691952,1.498936072,71.23606331,26
60,27.06477818,11.66552966,1.269692162,59.38924928,32
60,29.71584463,8.630919978,1.653235389,63.10480811,26
60,29.38845254,9.181498838,1.430048626,67.24972182,22
60,28.92153637,10.0069052,1.071558423,72.528165,30
60,27.93772693,11.04114418,1.021128891,56.2281742,32
60,27.15562308,12.19049496,0.653881957,61.96316797,28
60,30.43542981,8.56318774,1.001382448,63.4626611,36
60,29.58026253,9.380635396,1.039102078,72.18550816,23
60,30.24523639,8.798766112,0.955997501,56.67902232,19
60,27.67491447,11.31420049,1.01088504,65.72447628,29
60,28.30097302,10.62907453,1.069952446,60.68776706,22
60,27.99549827,11.3711217,0.633380032,74.29586876,31
60,29.06462757,9.797695264,1.137677161,62.25436703,24
60,26.25053394,12.16840717,1.581058891,67.29945367,23
60,27.94523765,10.27790985,1.776852504,65.39264386,22
60,30.36776422,8.262462424,1.369773356,62.5699001,33
60,27.55108728,11.54883068,0.900082039,72.9077416,18
59,30.59027011,9.124892861,1.284837034,73.72538299,21
60,26.27407751,12.02107591,1.704846578,78.50273581,35
60,27.28078588,11.73082385,0.988390272,63.56675022,17
60,28.00068899,10.98682849,1.012482513,66.63133829,22
60,27.32904748,11.11471682,1.556235708,54.85152657,27
60,29.78124345,9.500636018,0.718120534,63.53751055,24
60,30.55084194,8.512366363,0.936791701,73.87637804,23
60,29.93986394,8.221455119,1.838680938,58.36064396,30
60,28.60507056,11.23203349,0.16289595,72.06322491,21
60,29.66146139,9.610330347,0.728208261,69.73653199,30
60,29.14681165,10.02267714,0.83051121,72.3023382,17
60,28.37757116,9.971764351,1.650664493,75.33671086,18
59,30.50360764,8.966952593,1.529439769,73.2547356,20
60,29.40898743,9.981527428,0.609485139,71.48085334,24
60,27.2570614,11.31220135,1.430737242,70.52956315,25
60,29.3042427,9.806705182,0.889052121,60.40103644,16
60,27.93070196,11.01160674,1.057691297,68.68199495,38
60,29.1835866,10.4063378,0.410075595,64.40375768,19
60,27.73797694,10.60183466,1.660188396,71.2230277,16
60,26.9265927,11.69355435,1.379852945,73.44290128,35
60,30.60910902,8.469539479,0.921351504,55.4261105,30
60,28.99345556,10.178007,0.828537441,60.44132527,35
59,29.21398407,10.99193291,0.794083012,71.72514646,22
60,28.69534767,9.48831036,1.816341972,69.85939417,20
60,28.24260185,10.44166437,1.31573378,70.07932069,33
60,27.54112829,11.34014103,1.118730679,74.55695412,26
60,27.46012598,11.88745878,0.65241524,57.58692974,32
60,27.07720999,11.67068199,1.252108015,67.11839276,24
60,29.16499572,10.5867176,0.24828668,68.51396081,33
60,28.23052691,10.34932006,1.420153028,52.61978327,27
60,28.28827123,10.0693405,1.64238827,68.80636235,18
60,28.34267827,10.38268974,1.274631985,56.85654742,19
60,28.10314627,10.04288347,1.85397026,72.56082157,26
60,27.9740912,11.45594402,0.569964781,58.61342305,31
60,30.25891708,9.384541878,0.356541045,77.15602317,20
60,28.09880146,10.13354618,1.767652359,53.49318182,35
59,29.51780447,9.648596626,1.833598901,51.30717977,24
60,29.2241037,9.868886974,0.907009325,57.49798034,23
60,26.94914806,11.57741282,1.473439127,65.90290787,16
60,29.21142669,9.232923084,1.555650228,69.29174436,32
60,27.61606793,11.00346719,1.380464884,79.65245406,34
60,29.0379021,9.922453791,1.039644113,68.21032237,26
60,29.25734399,9.961156408,0.781499604,67.21613815,24
60,28.91316581,9.635950849,1.450883338,62.89564249,26
60,28.83081085,9.934712039,1.234477111,62.85189977,35
59,29.51082981,10.3798934,1.109276786,59.99702992,25
60,27.5316285,11.14157348,1.326798016,61.06677257,30
60,29.02740579,10.70113988,0.271454323,73.62122673,31
60,29.98094583,9.334124614,0.684929557,59.24402024,25
59,29.34940553,9.881312182,1.769282284,67.84617671,25
60,27.2775645,11.11869161,1.603743896,70.59311377,22
59,27.65417786,11.79722899,1.548593157,67.04688826,18
60,27.79357703,10.19098939,2.015433583,74.70741526,24
60,28.69807137,10.17939744,1.122531192,62.72987664,29
59,30.15172828,10.13483368,0.713438043,63.88132082,34
59,28.66378131,11.70959862,0.626620069,75.38352553,36
60,30.49497429,8.673186332,0.831839374,77.03181336,16
60,29.82858075,8.816004206,1.355415045,70.01495394,26
60,27.72473031,12.12577398,0.149495702,62.82152153,23
60,28.8712872,10.19991979,0.928793005,70.55001954,25
60,27.92991094,10.55881714,1.511271915,70.21691588,33
60,28.6650464,9.765326291,1.569627306,64.67862563,19
60,25.79892429,12.68772166,1.513354053,61.13917683,25
59,29.45318955,10.35050765,1.1963028,67.30166245,30
60,27.20462239,11.10906738,1.686310235,67.18695597,37
60,27.2441878,11.09990134,1.655910856,61.39294674,30
59,30.7420368,8.984324134,1.273639066,68.92368609,17
59,32.02082658,8.794393122,0.184780298,67.67379817,26
60,27.18515195,11.1993792,1.615468855,51.26424152,23
60,26.11689578,11.96088854,1.922215678,66.7733213,30
60,26.82240899,11.70936592,1.468225089,64.38724043,24
59,29.56226983,11.34598699,0.091743178,73.70114183,19
60,28.72340542,10.35192269,0.924671889,74.4084131,24
60,28.15213404,10.75477889,1.093087068,55.9405,25
60,27.73691236,10.64327659,1.619811044,68.06270603,27
60,26.94169,11.37411085,1.684199149,63.40736589,25
60,29.66897784,9.510588852,0.820433303,60.58474736,30
60,28.46067014,10.53769244,1.00163742,59.19544846,23
60,27.85786147,10.45005654,1.692081985,59.31016962,19
60,27.91607994,11.07339329,1.010526763,65.10950282,26
60,28.96668711,9.999455085,1.033857804,64.56348253,18
60,27.96722325,10.01292957,2.019847174,59.64124883,18
60,29.17108615,10.70798441,0.12092944,69.68720218,20
60,27.32916144,11.1320317,1.538806857,63.83300736,28
60,29.0244738,10.7948857,0.180640499,66.64930367,26
60,28.67732458,10.70461727,0.618058153,68.43498165,24
59,28.98732863,10.8093967,1.203274669,69.76944748,31
59,27.91691272,11.33250085,1.750586426,54.56483796,36
60,28.20713815,10.86711919,0.925742656,62.50537454,28
60,28.78028537,10.12144777,1.098266861,57.36509393,17
60,29.39367332,9.796350892,0.809975784,75.43707189,19
60,27.7268791,12.02079068,0.252330222,61.84584263,35
60,29.56861314,10.00666591,0.424720948,43.27640661,19
60,29.41067763,9.861772401,0.727549967,65.99213573,24
59,29.70897561,10.01814196,1.272882424,59.97125299,25
60,29.39414434,9.570502213,1.035353449,61.06848565,24
60,28.0062901,10.25300826,1.740701631,68.16362589,21
60,29.30920655,9.858050706,0.83274274,47.24860448,32
60,27.09120589,11.73711687,1.171677238,54.76637113,20
60,27.83761303,10.6854261,1.476960868,65.97989454,26
60,27.37311654,10.8049209,1.821962562,67.37795923,32
60,27.9642366,10.77776396,1.257999443,66.29692158,20
60,26.68566472,11.56105211,1.753283161,43.65469187,32
59,29.89740515,10.07799869,1.024596153,73.09005364,23
59,30.04108431,9.694592989,1.264322702,59.91663198,26
59,28.13169189,11.10730779,1.761000321,60.89328281,27
60,28.47957994,10.51403029,1.00638977,67.03268755,18
60,28.76982034,9.680134918,1.550044746,53.87896224,30
60,28.24875805,10.81023976,0.941002185,63.59458196,29
60,29.57579813,9.117972117,1.306229754,73.11816399,17
60,27.33887055,11.02941081,1.631718644,78.91484033,20
60,27.84765358,11.4997748,0.652571622,75.18534272,33
60,28.00236,10.48462937,1.513010631,62.87808196,24
60,27.52249544,10.77617086,1.701333699,71.01276612,20
60,27.42015299,10.75103542,1.828811588,55.03576034,29
60,28.66516191,10.4444619,0.890376192,61.13041164,20
60,26.81368334,11.80481594,1.38150072,68.29602517,27
60,28.26442047,9.896373123,1.83920641,75.23708474,34
60,29.76524706,10.08503928,0.149713664,63.56023161,22
60,29.17823257,10.13355815,0.688209272,55.75418328,22
60,28.1473064,10.15085224,1.701841362,58.72435753,31
60,27.35933699,11.04995311,1.590709899,61.96975413,30
60,29.14489532,9.814086263,1.041018413,66.22090704,18
60,26.82828946,11.20790705,1.963803488,48.09241599,21
58,29.86867402,11.01197901,1.119346965,74.11550901,26
60,29.0582004,10.06346443,0.878335168,67.79119025,19
60,30.44716871,9.377834547,0.174996741,48.04156327,22
60,27.01849625,11.05614183,1.925361926,70.69279778,35
59,29.62553293,10.20184143,1.172625636,59.4597491,33
60,28.20527338,10.12420493,1.67052169,75.40030972,29
60,26.96830414,11.07959075,1.952105115,71.98524602,14
59,30.98014499,9.834286295,0.185568717,67.79732773,24
60,28.60691211,9.739536002,1.653551888,75.98909135,27
60,29.15876266,10.41623298,0.425004362,62.56042251,18
60,27.02682623,11.39147682,1.581696952,60.19598263,25
60,28.05015219,11.19544221,0.754405602,65.19103651,24
60,28.06488306,10.78186632,1.153250615,52.2189044,24
60,28.93862092,10.16909487,0.892284203,45.54981771,24
60,28.22623597,10.82761362,0.946150412,62.53296868,23
60,28.17026123,9.987728182,1.842010586,69.21289224,23
60,27.76455705,10.45516281,1.78028014,55.14495611,21
60,27.42137664,11.74821827,0.830405082,63.00579269,23
60,28.8854225,9.631742504,1.482834995,70.28569378,21
60,28.60704995,10.62076442,0.772185633,76.93137514,20
60,27.73439316,10.27821722,1.987389627,79.02971486,22
60,28.32174459,10.17850513,1.499750275,64.71046366,27
59,27.96536889,11.77228952,1.262341591,71.60346626,24
60,27.77222914,10.79086296,1.436907907,59.22806142,20
60,29.12405202,10.46662517,0.409322814,62.96298632,39
60,27.04249752,11.49057739,1.466925082,62.64089442,25
60,26.83781301,11.52482843,1.637358562,53.78597615,22
60,30.18968311,9.74044472,0.069872165,69.35583532,20
60,27.19043459,11.23048552,1.57907989,72.6846406,21
60,29.31908714,9.667635915,1.013276945,76.79769497,25
60,27.23304586,11.29008485,1.476869294,64.38323053,30
60,28.04606051,10.74922763,1.204711868,75.99948318,28
60,28.80247471,10.13191983,1.065605467,59.93919263,32
60,28.01087744,10.36182755,1.627295009,59.0298763,23
60,29.37400692,10.56558861,0.060404473,52.48509641,25
59,31.25512425,8.964599481,0.780276267,70.11567278,27
60,28.89090894,10.023137,1.085954059,66.47026822,22
60,28.15672867,10.2373782,1.605893131,67.1349671,31
60,28.64964611,10.40784365,0.942510237,69.66955682,18
60,27.68099755,11.18392092,1.135081537,75.1843714,29
60,29.55812007,9.103667634,1.3382123,63.73187,34
59,30.26662394,10.51643526,0.216940801,69.66032849,18
60,28.77976106,11.05018654,0.170052402,59.15772925,28
60,30.06353065,8.773971664,1.162497686,62.9920499,22
60,26.39785185,11.75092999,1.851218158,69.8969387,32
60,30.08504464,9.775591616,0.139363743,73.08902925,20
60,28.25482448,10.34843481,1.39674071,66.79335314,30
60,28.62468596,10.70746262,0.667851423,64.79537927,19
60,28.78060582,10.7806731,0.438721088,71.18995783,32
60,28.53259841,10.53846308,0.92893851,52.7374403,22
59,28.11781308,11.46473371,1.417453212,48.63851508,28
60,28.93172833,10.61988923,0.448382435,59.74332434,21
59,32.54576693,8.418710731,0.035522337,58.73485348,23
59,29.37754314,10.30077696,1.321679899,57.73830238,27
60,29.05563631,9.835884062,1.108479632,74.2470214,25
60,28.86323931,10.02026943,1.116491263,72.8264628,30
60,30.23405988,9.034322115,0.731618002,60.59986572,18
60,28.25112726,10.85531057,0.893562171,53.01846301,31
60,30.60330092,8.550891737,0.845807347,72.27151651,21
60,31.20540571,8.101792443,0.692801849,72.17032729,27
60,30.21030565,9.346224517,0.44346983,67.9766832,19
60,29.78729227,8.742303439,1.470404286,76.61557913,33
60,28.76634503,9.738065682,1.495589291,57.12963601,31
60,29.40997622,9.649529214,0.940494564,74.94007507,24
59,29.77992953,10.10646517,1.113605303,69.8511645,23
60,27.56919733,11.03497698,1.395825692,40.16583689,25
60,27.19991359,11.89554036,0.904546049,66.41050638,31
59,31.11299962,9.299835526,0.587164857,58.82159776,27
60,26.997883,11.21835048,1.783766518,67.55326539,21
60,29.47843386,9.253071991,1.268494152,46.66333504,26
60,29.26016431,9.848999648,0.890836044,69.12037493,30
59,29.65118417,10.75678831,0.592027518,53.08808036,25
60,30.61310548,8.155590114,1.231304404,75.05260332,26
60,27.69387475,10.49143607,1.814689175,69.805412,21
60,28.5278788,11.23405594,0.238065257,72.57639805,21
60,27.20212367,11.58362638,1.214249949,54.69145133,26
60,28.15497636,10.70295749,1.142066151,68.2788703,23
60,27.11949506,10.97425175,1.906253185,74.93963604,24
60,27.84858936,10.71159424,1.439816401,56.49636403,19
60,30.49604402,8.614406802,0.889549182,71.53341231,28
60,28.50748074,9.769741235,1.722778029,65.35767477,21
60,26.98468796,11.90865607,1.106655968,65.26535124,29
60,28.24890289,10.51086838,1.240228731,79.42910862,28
60,26.65807809,11.54681217,1.795109738,73.50041976,37
60,29.83745205,8.450035782,1.71251217,67.14546828,17
60,26.82655472,11.40516584,1.768279448,51.94994879,25
60,29.43272914,10.16152806,0.405742795,71.05837951,31
60,28.16556808,10.64252292,1.191909,63.65482865,30
60,28.011751,11.41476281,0.573486185,75.96494668,27
60,26.66576928,11.68809561,1.646135105,72.65035015,26
60,29.73835219,9.191307082,1.070340727,72.26709251,26
60,27.25127305,12.04507602,0.703650935,61.71741024,29
60,27.67531209,10.49691098,1.827776934,71.82028103,21
60,28.03611163,10.30273664,1.661151732,55.75496906,35
60,26.52729639,11.61954941,1.8531542,57.90126177,23
59,28.79709874,10.76583658,1.437064679,71.30052736,21
60,29.81652941,9.881861313,0.301609281,58.54219465,30
60,29.03786938,10.65123232,0.310898299,73.96753245,20
60,29.10922911,9.792764358,1.09800653,52.90012253,22
60,27.85716998,11.28928417,0.85354585,74.32507587,29
60,27.1217035,11.36295974,1.515336768,62.88054242,28
60,28.06154802,10.44370314,1.49474884,70.05216558,25
60,29.10496927,10.17249023,0.722540493,71.19506369,24
60,30.18117123,8.663965701,1.154863069,54.67154734,24
60,26.80553158,11.23939641,1.955072014,64.10711385,20
59,29.14125783,11.11071965,0.748022519,69.63274963,20
60,27.5978873,11.25444715,1.147665557,63.26783208,19
60,27.51134748,11.75015956,0.738492961,56.42208115,24
60,28.87912422,10.63542553,0.485450246,60.85083424,25
59,29.0789787,10.97570176,0.94531954,56.96307971,25
60,28.20730162,10.92017399,0.872524394,76.92254643,20
59,28.42051206,11.00558259,1.573905352,65.54102648,28
60,28.44453138,10.36837466,1.187093961,63.70075442,36
60,27.62187971,11.06717458,1.310945707,74.19952005,23
60,27.80259393,10.36450591,1.832900157,73.72467862,22
59,29.22827205,10.72233376,1.049394185,71.24085719,34
60,27.81651107,11.1523612,1.031127731,75.07251696,28
60,27.87834944,10.72520914,1.396441429,68.50561535,26
60,28.59679254,10.00815183,1.39505563,70.71634744,22
59,28.72504925,10.47000407,1.804946678,77.8859564,34
60,28.35403884,10.97616171,0.669799449,61.56062949,36
60,28.59540071,9.543845502,1.860753792,53.05378871,23
60,30.19056342,8.645168237,1.164268347,65.22126398,18
58,29.3329402,11.43182529,1.235234513,65.76776832,23
60,26.78208874,11.65460447,1.56330679,64.8260128,24
60,27.52094132,11.04267308,1.4363856,70.02132701,27
60,28.92081417,9.334623006,1.744562827,54.15648865,26
60,29.36063052,9.82097911,0.818390375,67.26716295,23
59,28.85723074,10.52072188,1.62204738,65.89256268,24
60,27.62346245,10.72275913,1.653778416,67.50257187,30
60,28.03515369,10.78608234,1.178763976,64.63118137,18
60,28.64302806,10.10626774,1.250704197,76.85196339,20
59,30.69489168,9.684688966,0.620419358,51.6913058,26
60,28.66843967,10.01036725,1.321193082,70.55333071,18
60,28.75527394,10.19473101,1.049995047,57.39441955,19
60,28.21686663,10.09138113,1.691752236,57.17207052,29
60,26.64156828,11.95047434,1.407957373,75.18974903,33
60,28.46385714,9.736165966,1.799976893,74.37984603,24
60,26.09998855,12.33380325,1.566208194,56.64125451,22
59,30.40262801,8.763683455,1.833688534,70.87041645,28
60,29.58221124,9.490902083,0.926886682,67.05544278,21
60,27.82663592,11.35728621,0.816077863,66.14405546,30
59,29.03631208,10.62033155,1.343356371,75.78925215,39
60,28.80393183,10.01112598,1.184942194,65.89877977,26
60,28.30695859,9.887938091,1.805103323,59.3007668,22
60,27.69545477,11.46464954,0.839895684,64.64101034,30
60,28.70279511,10.22627143,1.070933465,45.59971439,24
60,27.47827181,11.82320526,0.698522933,58.12174461,28
60,29.23333048,9.567227141,1.19944238,70.67932716,28
60,29.98697225,9.229129223,0.783898523,78.7553173,23
60,27.46268062,11.53225673,1.00506265,60.65857242,37
60,30.41462755,8.631514791,0.953857655,64.23280476,19
60,28.80353506,9.851555116,1.344909829,46.73152194,26
60,27.58691129,10.88661719,1.52647152,65.14234513,25
60,27.70554646,11.10902521,1.185428335,54.13580611,26
60,27.7666303,11.23796508,0.995404616,61.39018395,20
60,27.96188475,11.28012422,0.757991036,61.95719452,17
60,29.53338067,9.907786035,0.558833299,58.77038994,17
59,29.76598173,10.38522796,0.848790313,49.45412859,19
60,29.03000163,9.935347735,1.034650633,71.59513769,28
60,31.45971042,8.406721048,0.13356853,70.71998265,16
59,30.4251102,9.656591805,0.91829799,72.0619593,19
60,28.0316755,11.52102119,0.447303302,66.5050379,27
60,29.40313907,9.566940705,1.029920226,75.30144265,22
60,26.65966647,11.57353479,1.766798741,64.5174446,25
60,29.20376483,9.528545093,1.267690077,52.6199863,34
60,28.34844867,9.531607352,2.119943982,66.13713079,25
60,29.40924976,9.643948513,0.946801723,62.68402082,17
60,27.99285062,10.62378579,1.383363587,59.76571192,21
60,28.36286747,10.95676913,0.680363392,61.34428712,24
60,28.36649647,9.910978698,1.72252483,69.29620696,23
60,29.03695645,9.504197697,1.458845848,69.77996634,26
60,27.8555895,11.43264543,0.711765072,59.54254036,25
60,27.57519083,11.41002333,1.014785841,50.96299037,29
60,28.68928763,9.908462184,1.402250189,67.882963,18
60,30.45103706,8.769829571,0.779133367,44.07567576,28
60,29.02048854,10.09684977,0.882661691,70.35757298,19
60,28.62677011,10.30996134,1.063268548,60.90951059,30
60,26.76310413,11.281888,1.95500787,61.58881583,16
60,29.51324032,9.038989341,1.447770344,73.31681156,31
60,26.21956909,12.07857342,1.701857482,52.25823557,27
60,27.73439655,11.14401205,1.121591403,65.95803665,30
58,30.5963187,10.8641183,0.539562996,57.39281543,29
60,28.11056385,9.939148411,1.950287739,67.99272765,26
59,30.61090754,9.813097494,0.575994963,70.50286153,21
60,27.86274674,11.00259241,1.134660847,68.95242763,29
60,29.66415464,9.501589776,0.834255581,71.4080768,28
60,28.84363334,9.590467705,1.565898954,64.2448184,23
59,30.93447913,9.743680666,0.321840199,76.15717614,20
60,29.69659741,9.535027956,0.768374636,57.49898447,20
60,27.06503217,11.19224796,1.742719878,67.2220722,27
60,27.89344023,11.17520939,0.931350375,62.07555792,38
59,29.28421508,10.15675027,1.559034652,75.76798767,15
59,30.42684615,9.387892116,1.185261731,68.8550288,25
60,26.86890853,11.21947334,1.911618129,70.35544943,24
60,28.79864098,10.41212263,0.789236393,60.1620498,21
60,27.54422514,11.16761712,1.288157735,38.41962275,24
60,28.78600154,10.50547622,0.708522236,56.55419358,28
60,29.81579659,8.537428049,1.646775361,62.94976094,21
60,28.64830645,10.24703123,1.104662323,64.06307202,30
60,27.78749347,10.56379935,1.648707183,69.56925127,32
60,28.98600129,10.29013514,0.72386357,75.83721022,19
60,28.2162524,10.33352186,1.450225739,64.90605092,16
60,28.44341444,10.30437484,1.252210729,69.60610108,20
59,27.97361446,11.72079173,1.305593803,72.07673814,18
60,29.01154904,9.95265131,1.035799649,74.53697454,20
60,28.81232811,10.2764753,0.911196588,74.88043384,26
60,29.38115009,9.349276663,1.269573242,72.64724,24
60,27.20275336,11.45915035,1.338096293,69.6655429,31
60,29.10408475,9.326101923,1.569813322,60.16257546,34
60,27.25601024,11.45743979,1.286549965,59.11675757,20
60,27.67280205,11.57164467,0.755553274,69.87275463,25
60,26.67163239,11.89716469,1.431202917,71.92457397,30
60,28.93376579,10.26932506,0.796909146,65.54044192,29
60,26.32505528,12.14601203,1.528932696,65.35830999,35
60,30.02505323,8.955757765,1.019189009,71.7252526,28
59,28.68811424,11.24478212,1.067103644,67.14800512,24
60,27.40224398,11.26405784,1.333698189,64.04309848,24
60,27.39296043,11.21906743,1.387972142,56.04306127,34
60,28.93119204,10.84473742,0.224070541,58.4415944,26
60,29.23410369,10.10316049,0.662735827,50.69747176,25
60,28.73829837,10.50416583,0.757535799,62.8573164,19
60,29.31512291,9.46139644,1.223480647,78.16312641,23
60,27.49783491,12.01962213,0.482542955,62.4614288,20
60,29.9507341,9.129447809,0.91981809,68.90713266,30
60,26.20180851,12.24897074,1.549220752,71.80747216,22
60,27.3014928,11.20154658,1.496960615,55.70525993,18
59,29.07435955,10.75241541,1.173225042,72.82445583,36
60,26.4348567,12.19288244,1.372260865,45.94402038,27
60,30.19843081,9.519371344,0.282197841,58.32610928,20
60,29.70499437,9.98298292,0.312022713,61.07334827,20
60,27.63363038,11.08703894,1.279330678,58.41057793,27
60,27.50180933,10.90208199,1.596108688,58.51325037,34
59,30.3752105,9.318271903,1.306517598,77.64314277,25
60,28.18839648,10.90754098,0.904062534,76.33612395,32
60,29.95884439,8.723018125,1.31813748,47.13997437,36
60,28.34980012,10.96099981,0.689200076,54.90625773,30
59,27.64170546,12.1130107,1.245283844,70.80172138,31
60,28.77490144,9.862010327,1.363088233,58.99927784,25
60,28.79356451,9.377437633,1.828997858,71.52060505,26
60,28.84265121,9.612316114,1.545032676,43.51659896,31
58,30.35959776,9.908220917,1.732181324,47.47874995,17
60,28.42915169,10.56550459,1.005343722,62.67408732,26
60,26.39830674,11.57042488,2.031268379,57.43796727,26
60,29.97604343,9.622052707,0.401903859,59.5074963,25
59,28.67551448,10.50467962,1.819805899,77.44157,32
60,26.33764297,12.23925352,1.423103511,62.18193703,24
60,27.53802599,11.4413105,1.020663512,69.02709696,27
59,28.77632046,11.05421357,1.169465969,59.66500955,35
60,27.87096668,11.26241533,0.866617995,60.64761614,27
59,28.99578277,10.43669654,1.567520692,71.06344195,22
60,27.86582698,10.58003633,1.554136691,67.54893064,21
60,27.63334023,11.3186969,1.047962874,67.31406607,30
60,27.28889542,11.02089491,1.690209665,60.23647549,14
60,28.66624056,10.08368224,1.250077192,58.88644224,21
60,29.43049725,9.862800811,0.706701941,77.46745307,28
59,29.0535192,11.73298232,0.21349848,66.30336943,24
60,26.16228351,12.11834002,1.719376473,45.28662971,17
60,26.53206276,12.01688274,1.4510545,68.55065141,25
58,30.09888181,11.00277797,0.898340221,64.13150859,33
59,31.26543548,9.232462147,0.502102368,81.57678137,30
60,28.17140247,10.28076237,1.547835165,59.47052889,32
60,29.15342561,9.428641953,1.417932433,73.17620351,25
60,27.438975,10.57433977,1.986685228,72.27519434,20
60,28.48275569,10.85905193,0.658192381,69.86203474,23
60,27.48278718,11.4423084,1.074904423,47.30207526,28
60,27.77657267,10.74402301,1.47940432,79.3420598,17
60,29.44913784,9.820618194,0.730243967,74.43717635,17
60,30.38318599,8.274386797,1.342427216,68.40900611,26
60,29.39278419,9.781614827,0.825600979,65.20176765,15
60,30.25529226,8.572462196,1.172245543,75.4463557,29
60,26.92025159,11.79828782,1.281460586,64.9471993,27
60,28.51857662,9.844801459,1.636621922,71.17419963,22
60,27.41849232,10.81766554,1.76384214,68.42438962,28
60,28.69465992,10.0081721,1.297167981,75.85374515,20
60,28.80294177,9.670158128,1.526900101,65.95216773,21
60,30.36570502,8.607748838,1.026546142,79.00784733,27
60,28.91456613,9.741693442,1.343740431,52.5026292,23
60,28.33219626,10.72508104,0.942722692,70.06839979,21
60,28.6784503,10.61228947,0.709260237,68.95663534,35
60,28.32989826,10.33417123,1.335930516,63.42997036,27
60,29.52948443,10.26726628,0.20324929,60.3629162,32
59,29.05368071,11.06043635,0.885882938,54.36127269,28
59,29.00679398,10.5763988,1.416807218,66.64202682,15
60,31.18879776,8.577488623,0.233713615,61.76145046,22
60,27.8713557,11.24406243,0.884581866,76.05279957,30
60,29.74916597,8.833348236,1.41748579,72.73639067,30
60,28.48522237,10.74549779,0.76927984,58.06606997,14
60,28.31450716,10.06716495,1.61832789,75.23375428,36
58,29.12487401,11.74047688,1.134649115,65.80638306,33
60,26.59752501,11.62130334,1.781171653,73.36287844,19
60,30.4696649,9.185035061,0.345300034,72.53760963,23
60,27.25351326,11.83863766,0.907849079,53.6412014,19
60,26.98589095,11.05239378,1.961715274,68.97485481,21
59,28.08703809,11.9194539,0.99350801,65.29340049,30
59,28.4054378,10.75013652,1.84442568,62.81830645,29
60,27.14295351,11.95854597,0.898500517,63.07476236,17
60,28.25099863,11.42064109,0.328360278,49.8585285,32
59,28.32271194,11.01529943,1.661988639,57.43568028,17
60,29.86770737,9.646037044,0.486255587,61.88409514,24
60,28.60067648,10.21892995,1.180393563,62.66145173,24
59,30.47831624,8.778918726,1.742765032,79.77608332,17
60,29.47092373,9.337763344,1.191312928,71.73255196,18
59,30.40282116,8.954642533,1.642536307,75.90013366,21
60,29.23904054,9.311001985,1.449957475,71.63970418,16
60,30.11356479,9.293307067,0.593128141,73.86089,29
60,27.2074058,11.30779734,1.484796863,61.7838499,27
60,30.73346696,8.579951869,0.686581172,76.9257209,20
60,28.77529741,10.35087882,0.873823778,66.38209611,15
59,27.85978091,12.16133181,0.97888728,56.73689771,24
60,29.23184451,10.75626588,0.011889609,62.8522222,25
60,28.95647284,10.08868557,0.954841586,51.00179327,19
60,30.2260895,8.550708665,1.223201833,66.79673346,31
60,29.05192343,9.451537028,1.496539546,66.13046262,22
60,27.47493537,11.3356417,1.189422925,51.16039564,25
60,28.86755397,9.474012134,1.658433897,67.98836476,37
60,29.19021631,9.16725675,1.642526939,56.20728793,20
60,27.23486157,11.67635817,1.088780263,53.99728744,27
60,28.09290306,10.79474257,1.112354375,73.80453421,15
60,28.58939071,9.569105859,1.841503429,69.4420278,21
60,27.05051846,11.35372531,1.595756235,68.52903073,26
60,29.01447105,10.02130382,0.964225131,54.72561494,34
59,28.57947236,10.97230575,1.448221882,60.22619383,30
60,29.30660716,10.27556818,0.417824658,59.15654325,27
60,28.44283599,9.781925989,1.775238025,60.70112048,16
60,26.55556671,11.64138848,1.803044817,62.95491746,31
60,27.263133,11.96183407,0.775032924,57.24195143,26
60,28.35863141,10.14379185,1.497576732,71.04632004,27
60,27.28107473,11.76654786,0.952377413,51.4891939,20
60,28.56401083,10.15327454,1.282714637,48.72622243,23
60,28.04019879,10.51322875,1.446572461,65.52775527,23
60,27.3487076,10.68755044,1.963741961,65.85768044,26
59,30.84125682,9.904541989,0.254201192,57.6270438,25
60,28.42923769,10.03342114,1.537341174,63.91082061,20
60,29.25770916,10.70167001,0.040620831,65.82505522,31
59,30.62606163,8.585798179,1.788140189,61.44423567,21
60,29.83009455,9.337898849,0.832006601,64.2435552,20
60,27.7782228,11.01689008,1.204887123,51.96380536,27
60,28.84298405,10.56387316,0.593142785,68.08335861,26
59,27.96199193,11.77339001,1.264618059,70.13932375,23
60,26.45460273,12.28738264,1.258014635,60.62791336,27
60,28.94553167,10.66637788,0.388090453,61.18179224,26
60,30.30596931,8.336835998,1.357194695,73.80884565,34
60,28.87560761,9.828643756,1.295748634,58.44997192,25
59,26.88902103,12.22821022,1.882768748,55.34328124,23
60,28.62633199,10.35119247,1.02247555,68.04742947,16
60,27.62378965,11.73985309,0.636357259,49.78448635,41
60,28.55072372,10.69091711,0.758359167,71.10357639,24
60,26.84879165,11.54297828,1.608230071,71.27137815,18
60,27.53390182,11.70305902,0.763039157,56.28558624,22
60,28.64258653,10.22648195,1.130931525,71.58677052,21
60,27.77335174,10.78380238,1.442845881,68.56332037,25
60,27.36474519,11.24113293,1.394121876,63.81505123,24
60,27.83386432,10.60603397,1.560101715,56.22792805,36
60,29.04409799,10.5876455,0.368256509,67.17392116,27
60,27.45781421,10.84009874,1.702087049,54.34705167,26
60,28.35409031,11.05546384,0.590445859,56.67123247,25
60,26.72774245,11.47944196,1.792815588,63.07949513,21
60,29.51443769,9.539868054,0.945694253,65.9525569,17
60,29.83534841,9.221372997,0.943278589,69.90500113,31
60,29.976292,9.01588711,1.007820892,71.34955162,28
59,27.17655456,12.14383864,1.679606798,64.22674769,30
60,28.32300364,11.50254788,0.174448481,67.79182306,21
59,29.64899793,10.53329776,0.817704317,74.34427228,27
60,28.04466116,10.23227351,1.723065325,63.11238448,24
60,28.41177374,9.862898775,1.725327487,78.52971242,23
60,29.24599719,10.34737255,0.406630256,69.1911413,17
59,30.60856617,10.3315828,0.059851023,67.16421762,27
59,27.14877578,12.40182724,1.449396977,51.10523752,30
60,29.67493173,9.933580266,0.391488001,64.80147173,29
60,29.2496955,9.764509708,0.985794795,65.2525866,15
60,27.68592834,11.88073568,0.433335972,69.97952975,28
60,28.90889895,10.15323783,0.937863217,52.45593835,31
60,29.53886227,9.417119036,1.044018691,56.04368765,34
60,27.99150055,11.1712058,0.837293645,71.54564546,27
59,28.90087564,11.2818388,0.817285552,74.55415434,40
60,26.46893695,11.61685655,1.914206495,64.01405781,27
60,26.87756958,11.25720497,1.865225451,73.7420723,17
60,29.36098526,9.74403104,0.894983703,61.32379575,30
58,31.1516181,9.840866008,1.007515893,69.15999477,39
60,28.13424629,10.22948534,1.636268372,66.90725153,19
59,30.3732481,10.13224685,0.494505055,47.06174461,30
60,28.29888205,10.58678103,1.114336921,59.73000369,26
60,27.27190799,10.76014138,1.96795063,69.25755522,33
60,27.45278837,10.96899751,1.578214119,69.33178392,18
59,29.16119698,10.30188191,1.536921117,56.99791753,22
60,27.70861923,10.45612696,1.835253808,64.03384642,22
60,27.26110526,11.28587736,1.453017382,51.65636687,24
59,27.568783,11.72505185,1.706165153,52.73129035,17
60,27.13503485,12.06978647,0.795178675,52.05035927,20
60,29.2896668,10.54474668,0.165586525,53.47877124,35
60,28.89616284,9.866242627,1.237594536,55.79808259,27
60,28.19465483,10.31758875,1.487756419,62.47335238,24
60,27.54678604,10.93824846,1.514965494,60.4611983,22
60,29.28200979,9.737177105,0.98081311,73.26959163,24
60,27.49246183,10.82916665,1.678371526,65.72077273,27
59,31.72954098,9.007134444,0.263324576,78.43038221,33
59,28.32274361,12.00782941,0.669426978,61.22444182,22
60,28.54830113,10.38667046,1.065028406,75.10773048,22
60,28.63308559,10.58677004,0.780144374,60.43205251,24
59,31.11805272,9.405295455,0.476651822,63.14618766,21
60,28.43743727,9.665911943,1.896650791,65.33493723,16
60,27.54734311,11.10231882,1.350338073,70.02542536,30
60,28.52789357,10.65914587,0.812960559,63.45179488,25
60,26.20784044,12.30878922,1.483370341,73.23535747,24
60,28.80736645,10.29936949,0.893264061,49.10858755,28
59,31.22781843,9.066481361,0.70570021,59.63406364,35
58,29.79610793,10.80497828,1.398913789,72.38693781,22
60,29.58135816,9.559985506,0.858656329,66.42541629,27
59,28.97627076,10.35089483,1.672834407,71.30706607,17
59,30.27238225,9.235793529,1.491824225,66.25606186,18
60,29.61096681,8.960498185,1.428535004,68.08058376,27
60,30.60696928,8.835801539,0.55722918,76.66857229,26
59,29.81258584,10.83583987,0.351574299,46.95468968,24
60,27.80842595,10.67980409,1.511769957,57.50263775,15
60,28.91110856,9.64495241,1.443939025,68.83563137,28
60,26.17680353,12.04966037,1.773536107,74.74317877,27
60,29.09502083,9.537603393,1.367375774,72.38489065,28
60,27.08283788,11.17790448,1.739257638,72.55713571,17
60,28.98477306,9.405881697,1.609345243,60.55726338,17
60,29.22862552,10.03019906,0.74117542,71.55917316,27
60,28.710695,10.78035846,0.508946541,45.34384184,15
60,28.53132935,9.803039068,1.665631578,65.62358536,20
60,27.19246108,11.91344166,0.894097265,78.14406508,26
60,29.84799225,9.227771095,0.924236651,52.60101262,13
60,26.79411878,11.95145399,1.254427231,69.05170076,27
60,28.97965947,9.233430047,1.786910487,47.91645693,21
60,28.60649798,9.959805137,1.433696882,61.91252994,24
60,27.17227373,11.1524955,1.675230764,71.17345345,28
60,28.34204778,10.78677614,0.871176079,68.9603196,37
59,29.37101734,10.06253696,1.566445695,64.16160942,34
60,28.58011074,10.01838707,1.401502197,61.51535422,32
60,28.18855448,10.62977997,1.181665549,72.02154504,26
60,27.37162398,11.64005297,0.988323048,69.48637076,24
59,29.93988028,9.769065685,1.291054034,71.12034933,32
60,29.29209843,9.772076391,0.935825178,71.06478314,32
60,27.88344456,10.91335104,1.203204407,52.75641358,20
60,29.91698882,8.644549768,1.438461408,68.3652646,28
60,27.16138213,11.59130633,1.247311544,71.25213349,30
60,27.07729653,11.05768277,1.865020697,56.13855024,33
60,28.00566454,10.42863425,1.565701206,70.20319842,29
60,28.79515004,9.499277633,1.70557233,52.27942206,29
59,30.94634592,9.516667173,0.53698691,69.01434921,15
60,27.70163974,10.74950395,1.548856315,42.41437081,19
60,26.88272163,11.80818203,1.309096343,55.74385799,25
58,30.32071975,10.48478888,1.194491374,75.48050142,31
60,27.51045221,10.53595176,1.953596034,64.69087245,31
60,28.09587596,10.6161051,1.28801894,69.56821884,25
60,27.04428095,11.07369606,1.882022993,57.28007206,20
60,28.25809387,9.956497282,1.785408849,74.84390485,18
60,28.12716661,11.34443971,0.528393682,71.60764905,33
60,29.93609752,9.179311057,0.884591424,54.0823683,36
60,30.47634038,8.949929368,0.573730247,65.04069276,23
60,27.90968519,10.51352966,1.57678515,51.64421292,24
60,28.88607482,9.580363168,1.533562013,71.68565527,24
60,29.89009325,9.943169313,0.16673744,64.02333519,25
59,30.02180804,10.56642597,0.411765992,62.86309245,35
59,30.47360268,9.156870663,1.369526656,64.70807717,29
59,30.52152465,9.156610111,1.321865241,74.61874061,19
60,28.36412861,11.19929709,0.4365743,73.82591931,27
60,27.29036386,10.92501507,1.784621064,45.21399629,27
60,29.03066617,9.23323189,1.736101938,66.93472265,30
60,26.20982953,12.38749242,1.402678052,71.77729695,28
60,29.94701827,9.972890253,0.080091478,72.06303354,32
60,27.8211082,10.29883852,1.880053276,59.55542059,29
59,30.09546022,10.27653232,0.628007461,71.42639838,30
59,27.99058478,11.47868979,1.530725428,65.62490163,20
60,28.7950502,10.12410185,1.080847947,56.87075849,32
60,27.78006443,10.70804771,1.511887863,63.6593198,32
60,26.55130099,11.94218639,1.506512622,63.57275905,26
60,28.05195793,11.33039492,0.617647148,57.98676944,31
60,28.65669988,10.37164314,0.971656979,68.5576782,27
60,26.46635416,11.95791602,1.575729817,72.4853144,24
58,30.76428777,10.4016976,0.834014631,64.76937559,21
60,27.90524462,10.8241961,1.270559283,74.83491533,27
60,29.84965238,9.292246774,0.858100842,70.68498863,34
60,27.55418367,11.51213448,0.933681851,67.378309,36
60,30.55878536,8.458911524,0.982303121,71.91503447,21
60,29.83542658,8.696714874,1.467858542,55.63156694,19
60,30.01142262,8.497252797,1.49132458,56.89796838,34
60,28.66107756,9.983202503,1.355719939,47.75602931,37
60,28.62040716,10.44407562,0.935517225,67.95835278,23
60,29.10659135,9.464477812,1.428930838,60.87474935,21
60,30.35581989,8.065726887,1.578453223,60.98707216,25
60,27.99212166,10.83980172,1.168076625,58.26695602,28
60,28.32821049,10.30462009,1.367169417,57.64502618,20
60,28.00502654,10.61065662,1.384316839,66.45737895,35
60,28.65358178,9.942473793,1.403944426,66.30073288,31
59,30.16795587,9.932534629,0.899509504,64.10395827,19
60,29.58589624,9.400000076,1.014103681,78.77675385,29
59,28.79031274,11.36060808,0.849079181,55.07964236,18
60,26.58182985,11.79502346,1.623146685,57.54446742,20
60,26.85730627,12.05687132,1.085822416,70.87693426,22
60,30.0960546,8.649653504,1.254291896,65.53949392,33
60,30.00118116,9.719153198,0.279665643,78.12235835,29
60,27.75707071,10.75972766,1.483201626,58.42246674,19
60,30.44700287,9.274190255,0.278806877,67.20540862,33
60,27.73104509,11.93962235,0.329332561,57.87941242,17
60,29.32477256,9.976616834,0.698610608,65.9710996,21
60,28.76826619,9.662070042,1.569663766,67.54183872,31
60,28.53485009,11.15113857,0.314011336,56.04058584,23
60,30.37675755,8.276013191,1.347229256,48.99859535,33
60,28.31089219,10.45579389,1.233313916,52.18575814,36
59,27.68566741,11.63669931,1.677633283,59.86065994,23
60,27.31936111,11.19131871,1.489320174,71.32137534,26
60,29.9874535,8.157004638,1.855541864,73.63422053,26
60,28.21596736,10.18736093,1.596671717,63.78983031,20
60,27.74096369,10.28605799,1.972978314,67.60526713,24
60,27.88306023,10.81646404,1.300475728,52.99417924,26
60,29.12951063,9.921406182,0.949083192,71.72077713,25
60,28.78757187,10.51784228,0.69458585,78.75130498,18
60,29.75166412,10.00758723,0.240748658,71.54675186,36
59,29.88257937,9.647038284,1.470382343,65.10888609,26
60,29.55896565,9.967639699,0.473394652,78.03427871,25
60,30.03692574,9.269205053,0.693869208,72.23268145,30
60,28.43016891,9.776663136,1.793167956,75.40428666,20
60,28.59032239,10.40702345,1.00265416,58.85957739,31
58,31.33959457,9.613378121,1.047027304,58.19160961,17
60,29.38712241,8.755255279,1.857622314,67.30611862,20
60,28.09443008,10.00123142,1.904338496,70.95771454,32
58,30.24611019,10.20513959,1.548750225,59.74489932,18
59,28.14597905,11.01514117,1.838879783,62.88541831,18
59,29.1153737,11.22808844,0.656537854,43.88861568,21
59,28.62414846,11.06373808,1.31211346,65.96231672,32
60,28.33020237,10.68215727,0.987640361,65.75287851,15
60,29.85000239,8.611476276,1.538521333,50.05267648,31
60,28.4879468,9.948892931,1.563160272,72.63454853,27
59,30.42011892,8.618720139,1.961160937,68.38856821,32
60,27.84275064,11.29100492,0.866244432,51.87533373,36
60,27.68228436,10.58660265,1.731112994,57.3526912,28
60,29.08564748,10.56627924,0.348073277,68.44986342,19
60,29.78529851,9.613400491,0.601300996,60.65020907,33
60,28.19413841,11.27760586,0.528255731,60.1664744,32
60,28.47000729,9.935225387,1.594767325,62.93395289,16
59,29.35356099,10.60080143,1.045637581,71.56758054,32
60,27.9628637,10.20138825,1.835748052,72.56617348,30
60,28.47304171,10.78085625,0.746102036,63.04555767,39
60,28.04095907,11.17500086,0.784040063,61.38042774,19
60,28.97447706,9.459998887,1.565524051,69.28132358,37
60,29.12022267,9.81199079,1.067786542,74.01088157,30
60,27.46572456,11.07814738,1.456128055,69.41084831,32
60,28.12247725,10.89562008,0.981902666,70.99834268,29
60,29.93128231,9.513299194,0.555418492,79.54574729,19
60,28.20142131,10.72637999,1.072198699,53.57299359,27
60,29.09203699,9.211752367,1.696210644,59.08737749,22
60,28.9127619,9.95843171,1.128806385,72.16746318,24
60,29.56996394,9.134983685,1.295052379,70.0436979,18
60,28.78400904,9.852481533,1.36350943,57.33743849,26
60,29.46607389,9.339174868,1.19475124,62.02405149,33
60,27.91544818,10.89530596,1.189245855,51.728706,30
60,28.21143786,11.25111919,0.537442942,72.91072631,29
60,28.14811568,10.74421873,1.107665598,69.80643559,23
60,29.16936696,8.858128971,1.972504072,61.20143571,22
60,28.54087622,9.929041817,1.530081965,66.42215417,22
60,28.1114316,10.87666646,1.011901949,65.82831251,30
60,29.25809736,9.690040569,1.051862071,76.98884215,30
60,27.63722976,10.94282458,1.419945658,58.17764308,25
60,27.30604514,11.2832115,1.410743361,46.40283907,24
60,29.99271517,8.985397797,1.021887032,65.61173656,23
60,26.58143808,11.74316716,1.675394753,47.70862284,25
60,28.19481419,10.482705,1.322480809,69.41943258,27
60,28.59770417,9.727531791,1.674764035,73.86950965,29
60,29.24509768,9.628080632,1.126821687,54.32374123,34
60,29.20625896,10.0642493,0.729491745,66.33220988,21
60,29.19268919,9.059827339,1.747483475,70.89597629,25
60,31.12787194,8.310260196,0.561867865,65.94382628,26
60,28.10336577,10.52083935,1.375794886,69.57965113,16
60,28.26452482,10.37806429,1.357410885,69.05705266,24
60,27.8789427,10.44865603,1.672401268,59.798745,26
60,29.09732799,10.35415967,0.548512348,75.51650293,27
60,29.77849735,8.608774419,1.612728231,52.37974088,31
60,27.80487263,11.41877377,0.776353596,65.69258679,36
60,28.90331162,9.981676516,1.115011864,62.87777882,18
60,28.04539276,10.18737511,1.767232133,59.59764441,37
60,28.19112563,10.96231799,0.846556372,77.45073802,37
60,27.88964464,10.47956342,1.630791936,79.31240402,16
60,30.16894399,8.759077168,1.071978838,56.43039305,23
60,30.44390426,8.500118699,1.055977036,61.23724465,25
60,28.43610725,10.52306219,1.04083056,64.80776681,30
60,28.21483529,10.10562138,1.67954333,66.09964657,32
60,29.28677081,10.52134181,0.191887376,75.45170278,22
60,29.80730408,9.847453991,0.345241924,58.64583559,27
60,26.65469996,12.14966404,1.195636001,55.30151875,30
60,29.02776623,9.439031298,1.533202471,59.03529534,19
60,27.64342603,10.6142609,1.742313072,46.9317093,20
60,31.12404277,8.251830526,0.624126705,74.24559658,26
60,28.83294219,10.25786023,0.909197574,62.37153598,28
59,30.87276655,9.362412861,0.764820585,76.42634403,27
59,29.54307256,9.535014842,1.921912599,60.35731644,16
60,28.37615207,10.26217609,1.36167184,55.07136685,31
60,29.09482147,9.841251393,1.063927139,66.37979888,33
60,28.35423111,10.71374045,0.932028442,70.60661334,26
60,28.28629553,10.25783995,1.455864517,65.33158908,22
60,27.28965321,10.723017,1.987329787,56.74387223,22
60,29.9894471,9.566892709,0.443660194,76.1237959,26
60,28.93723049,10.55391737,0.50885214,77.82940602,32
60,28.86677289,10.13753256,0.995694549,71.5756293,32
60,29.22580445,9.800213277,0.973982272,67.52658628,23
59,29.11286558,11.40342322,0.483711193,53.90195347,33
60,29.26740509,8.840879049,1.891715863,59.53252102,14
60,28.38802953,10.80769835,0.804272123,54.5119841,20
60,29.05929733,9.421111568,1.519591097,71.50682004,31
60,29.39174124,9.384397889,1.223860867,72.17255296,32
60,28.04651079,10.96894429,0.984544922,75.22279317,21
60,29.16962634,9.731346866,1.099026794,64.92367859,22
60,26.76234607,12.34724329,0.890410649,73.06043646,27
60,26.6503832,11.47153763,1.878079169,69.48271223,23
60,27.65335328,11.03514356,1.311503166,67.15756393,21
60,29.03753889,9.039799966,1.922661139,76.35796093,29
60,28.40947479,10.52096128,1.069563934,76.67208447,32
60,30.1237875,9.051889927,0.824322568,48.37403895,29
60,27.52575659,10.93418702,1.540056393,69.50398797,33
60,28.5955397,10.46952518,0.934935121,61.54322094,37
60,26.84537417,11.77621211,1.378413721,69.3306936,16
60,28.64504749,10.76786027,0.587092231,60.29663937,34
60,27.99584347,11.17181364,0.832342886,54.95015442,30
60,28.87403524,10.54553449,0.580430266,71.77546045,27
60,27.69505321,10.64887726,1.656069527,62.80180247,16
60,28.43243022,9.83550729,1.73206249,57.97716992,34
59,30.85970502,9.552523516,0.587771468,55.49198951,36
60,29.44071175,9.887859025,0.671429226,62.47038495,30
60,29.25600892,9.669948273,1.074042809,65.44794953,21
59,29.7861678,10.40134005,0.812492147,75.13545167,18
59,28.54390477,11.75461329,0.70148194,65.64980856,29
60,28.04946174,10.46667975,1.483858508,71.04945753,17
59,30.92148805,9.019000279,1.059511669,60.49012378,23
60,27.37273941,11.22304933,1.404211255,64.15933551,21
60,29.13357157,9.303961249,1.562467183,65.00448781,19
60,28.73186183,10.73791255,0.530225617,62.08713897,21
60,26.67967041,12.47734056,0.842989034,57.25951805,26
60,28.61362024,11.00435131,0.382028453,75.14450069,22
60,27.49174787,10.74607756,1.762174573,57.26845922,31
60,27.71978595,11.28971459,0.99049946,53.20883025,31
60,27.77754735,10.78792,1.434532649,59.74502234,14
60,28.9163722,9.459736706,1.623891089,73.37411293,24
60,29.01845143,9.684353162,1.297195411,51.54251793,25
60,28.6169357,9.724981337,1.658082964,61.46545231,27
60,28.23929681,10.57120869,1.189494496,64.03443822,27
60,29.05697618,10.21101874,0.732005079,75.28590799,26
60,29.49056107,8.789995277,1.719443655,61.0352823,26
60,27.31217038,10.96766013,1.720169491,77.70816807,28
60,30.42946903,9.002846304,0.567684663,70.27915105,28
60,27.93470434,11.32750099,0.737794666,73.83533017,19
60,30.51358371,8.660238434,0.826177855,63.13044273,30
60,29.4719621,9.770184431,0.75785347,60.35579775,30
60,29.12796796,10.28268399,0.589348042,68.04941552,25
60,26.98099906,11.63990059,1.379100354,68.09606054,28
60,29.91377038,9.21600031,0.870229305,50.92657637,18
60,27.77650784,10.47744449,1.746047669,55.83744221,29
60,29.38193004,10.07400245,0.544067508,62.09798067,23
60,28.51363627,10.86952857,0.616835161,65.54467214,21
60,28.24652164,10.55680922,1.196669136,66.97792704,26
60,26.68309284,11.80088786,1.516019307,66.08067047,20
